gene,ctrl_t0_KO_VS_ctrl_t0_DKO_FC
Nt5e,2.00790382463804
Mir6236,2.2226864290011696
Fam46a,-1.3521081076537902
Morf4l1b,2.0079967411347903
Rn28s1,2.95373946202498
Mpp6,-1.6846160761308797
Rn45s,2.95373946202498
Gm8580,3.2418131462432904
Gm6548,1.6300915029376999
