gene,WD_t0_KO_VS_WD_t0_DKO_FC
Morf4l1b,2.3161089873108103
Lgals4,1.64815196963199
Nxpe4,-2.11213770472113
Entpd4,-1.40988339462925
Gm8580,3.56299427299514
Gm6548,1.7159293955085302
